Project Name,Problem Statement,Advantages,Target Audience,Tech Stack Required,Business Model Type,Budget Range
NexHealth,Patient data is siloed across different clinics and hospitals &  leading to inefficient care and repeated tests.,Blockchain-based secure health data exchange giving patients ownership of their records.,Patients & healthcare providers & researchers.,Hyperledger Fabric & React Native & Node.js & AWS.,B2B SaaS licensing,"$180,000 - $300,000"
MediScan AI,Early detection of diseases like diabetic retinopathy requires specialist doctors who are scarce in remote areas.,AI-powered analysis of medical scans (X-rays & MRIs) for rapid &  preliminary diagnosis.,Hospitals & clinics in underserved areas & telehealth platforms.,Python (TensorFlow &  PyTorch) & Django &   React & Docker.,Pay-per-scan analysis,"$150,000 - $250,000"
TeleRehab,Patients needing physical therapy often cannot travel frequently to clinics & leading to poor adherence and recovery.,AR-powered guided physical therapy sessions with motion tracking from a smartphone.,Post-surgery patients &  elderly individuals &   athletes with injuries.,Unity3D &   ARKit/ARCore &   Node.js &  Firebase.,Subscription,"$80,000 - $140,000"
PersonalizedRx,Genetic differences mean medications affect people differently &  leading to side effects and ineffective treatment.,AI platform that analyzes genetic data to predict individual responses to drugs and recommend optimal medications.,Patients on long-term meds & pharmacogenomics clinics.,Python (Scikit-learn) &  React & PostgreSQL & AWS.,B2B SaaS,"$200,000 - $350,000"
MindScribe,Mental health professionals spend excessive time on administrative notes & reducing time for patients.,AI voice assistant that transcribes sessions and automatically generates SOAP notes.,Therapists & psychologists &  psychiatrists.,Python (NLP) & Next.js & WebSockets &  AWS Transcribe.,Subscription (SaaS),"$70,000 - $120,000"
EduPath,Students choose college majors and career paths based on incomplete information & leading to regret and debt.,AI career counselor that analyzes skills &  interests & and market trends to recommend optimal educational paths.,High school and college students &  career changers.,Python & React & GraphQL & Career APIs.,Freemium,"$60,000 - $100,000"
LangImmerse,Traditional language learning apps fail to provide cultural context and real-world conversational practice.,VR platform that immerses users in realistic scenarios (e.g. ordering food in Tokyo & a job interview in Berlin).,Language learners & corporate training & expats.,Unity3D & Oculus SDK & AWS Sumerian.,Subscription,"$250,000 - $500,000"
SkillSync,The skills taught in universities often lag behind the rapidly changing demands of the tech industry.,Platform where industry experts create nano-courses on emerging skills (e.g. Quantum Computing & Web3) verified by companies.,Professionals & students & tech companies.,React & Node.js & MongoDB & Stripe.,Marketplace (commission),"$90,000 - $160,000"
CodePeer,New coders need to review and be reviewed to learn & but organizing code review cycles is difficult for solo learners.,AI-matched peer code review platform with structured rubrics and mentorship pathways.,Bootcamp graduates & self-taught programmers.,Python & GPT API & React & PostgreSQL.,Subscription,"$40,000 - $75,000"
HistoryAlive,Students find history boring because it's presented as static facts in textbooks & not as engaging stories.,AR app that overlays historical events and figures onto real-world locations through their phone camera.,K-12 students & teachers & tourists.,Unity3D & ARKit/ARCore & Mapbox & Node.js.,Freemium (In-app purchases),"$120,000 - $200,000"
FarmSense,Smallholder farmers rely on intuition and outdated methods for irrigation and pesticide use & wasting water and money.,IoT soil sensors and drone imagery combined with AI to provide precise irrigation and crop health alerts.,Small to medium-sized farms & agricultural co-ops.,IoT Hardware &  Python & React Native & Google Cloud Platform.,Subscription + Hardware sale,"$150,000 - $280,000"
AgroMarket,Farmers often get low prices for their produce due to middlemen and lack of direct access to bulk buyers.,B2B marketplace connecting farmers directly with restaurants & supermarkets & and exporters.,Farmers & food distributors & restaurant chains.,Flutter & Node.js &  PostgreSQL & Twilio (SMS).,Transaction fee,"$70,000 - $130,000"
CropGuard,Small farms cannot afford crop insurance & making them vulnerable to bankruptcy from bad weather or pests.,AI and satellite imagery to create automated & parametric insurance that pays out based on weather data & not claims.,Smallholder farmers & insurance companies.,Python &  React &  Satellite API (e.g. Planet) &  Smart Contracts.,B2B2C (SaaS fee),"$200,000 - $400,000"
FromSeed,Consumers are increasingly distrustful of the origin and growing practices of their food.,Blockchain-based supply chain tracker for produce &  from the individual farm plot to the supermarket shelf.,Conscious consumers & premium food brands.,Ethereum/Solana &  React Native &  Node.js.,B2B SaaS,"$90,000 - $170,000"
LivestockWatch,Ranchers lose money from livestock theft &  predation &  or animals straying &  and monitoring large herds is manual and inefficient.,Solar-powered GPS collars with geofencing that send alerts to a farmer's phone.,Cattle ranchers &  sheep farmers.,IoT Hardware &  LoRaWAN & React Native &  AWS IoT.,Hardware sale + Subscription,"$120,000 - $220,000"
WealthSimple for Africa,Traditional investment platforms are inaccessible &  expensive &  and not tailored to the African market.,Mobile-first micro-investing app that allows users to invest spare change in fractional shares and local ETFs.,Young & urban professionals in Africa.,Flutter & Python (Django) &  PostgreSQL &  Plaid-like API.,Asset-based fees,"$100,000 - $180,000"
NovaCredit,Immigrants and refugees have no credit history in their new country & making it impossible to get loans & apartments &  or phones.,Platform that translates international credit history for use in local financial systems.,Immigrants & banks & landlords.,Python & React & Kafka & Machine Learning.,B2B API licensin & g,"$2,000,000+"
DeFiGuard,The DeFi space is riddled with scams and smart contract vulnerabilities that cause users to lose funds.,AI-powered smart contract auditor and risk rating system for DeFi protocols.,Crypto investors & DeFi protocols.,Python (Slither) &  React &  The Graph Protocol.,Subscription (SaaS),"$150,000 - $250,000"
Split,Groups of friends and colleagues struggle to split bills for trips & dinners and gifts  &  leading to awkwardness and unpaid debts.,Social payment app that automates splitting expenses and integrates with popular messaging apps.,Young adults &  roommates & colleagues.,React Native &  Node.js & MongoDB &  Stripe.,Interchange fee,"$50,000 - $90,000"
CryptoPayroll,Freelancers and remote workers in crypto want to be paid in stablecoins/crypto but companies find the process complex.,Automated payroll solution for companies to pay employees and contractors in crypto & handling tax implications.,Web3 companies & crypto-native freelancers.,Python &  React &  Blockchain APIs (Alchemy/Infura).,Transaction fee,"$80,000 - $150,000"
CircuLi,Fast fashion and single-use packaging create immense waste & but consumers lack easy alternatives.,App that connects users with local businesses offering packaging-free products and clothing repair/rental services.,Eco-conscious consumers & zero-waste stores.,Flutter & Node.js & Google Maps API.,Commission,"$60,000 - $110,000"
CarbonChain,Companies struggle to accurately measure and track their carbon emissions across complex supply chains.,AI-powered platform that automates carbon accounting by integrating with ERP and supply chain data.,Public companies &  ESG-focused investors.,Python & React & Kubernetes & Various ERP APIs.,B2B SaaS,"$250,000 - $500,000"
SolarOptimo,Homeowners are interested in solar but are overwhelmed by the options & financing & and installer vetting process.,AI-powered platform that analyzes satellite imagery of your roof and gives optimized solar panel layouts & cost & and ROI.,Homeowners & solar installers.,Python (CV) & React & Mapbox & Stripe.,Lead fee to installers,"$130,000 - $230,000"
AquaSmart,Cities lose billions of gallons of water annually due to leaky municipal pipes & and detection is slow and manual.,AI that analyzes satellite and drone imagery to detect water leakage and pipeline vulnerabilities from space.,Municipal water departments & utility companies.,Python (TensorFlow) & Geospatial libraries &  React.,B2B SaaS,"$180,000 - $320,000"
RecycleRight,Consumers are confused by ever-changing local recycling rules & leading to contamination of recycling streams.,AI image recognition app that identifies an item and tells you exactly how to dispose of it in your municipality.,Consumers & municipalities.,React Native & TensorFlow Lite & Firebase.,Freemium (B2B data licensing),"$70,000 - $130,000"
LegalLens,Legal documents (terms of service & rental agreements) are long & complex &  and filled with jargon that people don't understand.,AI that reads and summarizes legal documents in plain language & highlighting key clauses and potential risks.,Consumers & small businesses.,Python (NLP) & React & Django.,Freemium,"$85,000 - $160,000"
Contractify,Freelancers and small businesses waste time and money creating standard contracts (NDAs & Service Agreements) from scratch.,AI-powered contract generator tailored to specific jurisdictions and industries.,Freelancers & startups & SMEs.,Python & React & Stripe.,Subscription (SaaS),"$50,000 - $95,000"
Jury.ai,Lawyers have a hard time predicting how a jury will react to arguments & witnesses & and evidence & making trial strategy a gamble.,AI that simulates a virtual jury based on demographic data to test case theories and arguments.,Trial lawyers & law firms.,Python (NLP) & Next.jsA/B testing frameworks.,B2B SaaS,"$200,000 - $400,000"
ComplyAuto,Fintechs and Crypto companies spend millions manually ensuring they comply with changing regulations across different countries.,AI that continuously monitors regulatory updates and automatically checks a company's operations for compliance.,Fintechs & Crypto exchanges & Banks.,Python &  React & Kubernetes &  NLP.,B2B SaaS,"$1,500,000+"
TrademarkSentinel,Businesses risk accidentally infringing on existing trademarks when naming products & leading to costly legal battles.,AI that continuously scans new trademark filings and alerts businesses to potential conflicts.,Startups &  marketing agencies & enterprises.,Python (NLP) &  Elasticsearch & React & Webhooks.,Subscription,"$120,000 - $210,000"
BuildStream,Construction projects are plagued by delays and cost overruns due to poor coordination between architects & engineers &  and contractors.,A centralized VR platform for all stakeholders to review and annotate 3D building models in real-time.,Construction firms & architecture studios.,Unity3D & WebRTC & Node.js & AWS.,Per-project licensing,"$250,000 - $450,000"
PrecisionWeld,Industrial welding requires immense skill & and a shortage of experts leads to bottlenecks and quality control issues.,AI-powered visual system that guides novice welders with real-time feedback on angle & speed & and quality.,Manufacturing companies & vocational schools.,Python (CV) & Edge AI hardware & React.,B2B SaaS + Hardware,"$300,000 - $600,000"
FacilityFlow,Managing maintenance requests & space allocation & and energy use in large office buildings is inefficient and manual.,IoT sensor network and AI platform to optimize building operations & from desk booking to AC control.,Commercial real estate owners &  facility managers.,IoT Hardware & Python & React & Kafka.,B2B SaaS,"$180,000 - $300,000"
SupplyViz,Global supply chains are incredibly complex and opaque. Companies lack real-time visibility into delays and disruptions.,AI that ingests data from shipping manifests & satellite AIS & and news to predict and alert about supply chain risks.,Import/export businesses & logistics firms.,Python & React & Geospatial APIs & GraphQL.,B2B SaaS,"$2,000,000+"
RoboQA,Manual quality assurance on factory production lines is slow & inconsistent &  and can miss subtle defects.,Computer vision system on a robotic arm to perform 24/7 &  high-precision product inspection.,Manufacturers in electronics & automotive & pharmaceuticals.,Python (OpenCV) & ROS &  React.,B2B SaaS + Hardware,"$400,000 - $750,000"
ArtVerify,The digital art market (NFTs) is flooded with forgeries and stolen art & destroying trust and value.,AI that fingerprints and verifies the provenance of digital art creations to prevent theft and forgery.,Digital artists & NFT marketplaces.,Python (CV) &  Blockchain &  React.,Transaction fee,"$90,000 - $170,000"
CreatorSuite,Content creators juggle multiple platforms and struggle to manage sponsorships & analytic & and content repurposing.,All-in-one OS for creators: analytics &  sponsor matching & and AI tools to turn a video into a blog &  tweet thread & etc.,YouTubers &  podcasters &  influencers.,Next.js &  Node.js & MongoDB & Stripe.,Subscription (SaaS),"$120,000 - $200,000"
FanRealm,Sports fans want deeper engagement with their teams beyond just watching games & but options are limited.,Platform offering virtual meet-and-greets & AR stats overlay during games & and exclusive digital collectibles.,Sports fans & esports teams.,React Native &  WebRT & CARKit & Blockchain.,Freemium,"$150,000 - $280,000"
MetaGig,VR meetings and conferences are isolating and lack the networking serendipity of real-world events.,AI-powered matchmaking and virtual "coffee tables" at VR events to connect attendees with shared interests.,Event organizers & remote companies.,Unity3D & WebRTC &  Node.js.,B2B SaaS,"$200,000 - $350,000"
TuneForge,Independent musicians struggle to get their music heard amidst the noise on major streaming platforms.,AI that analyzes music to recommend the best playlists for submission and identifies potential viral trends on TikTok/Reels.,Independent musicians & labels.,Python (Audio ML) &  React & Spotify API.,Subscription,"$80,000 - $150,000"
StoryWeaver,Parents run out of creative ideas for bedtime stories and often resort to screens.,AI that generates personalized & illustrated bedtime stories featuring the child and their toys as characters.,Parents of children aged 3-8.,GPT API &  React Native &  DALL-E/Stable Diffusion API.,Subscription,"$50,000 - $90,000"
PetGenomics,Pet owners are often in the dark about their pet's genetic predispositions to diseases and traits.,Direct-to-consumer DNA test kit for dogs and cats with detailed health and ancestry reports.,Pet owner &  breeders.,Python (Bioinformatics) &  React &  E-commerce platform.,Product sale,"$150,000 - $250,000"
SleepSpace,People struggle to optimize their sleep environment. They don't know if temperature & light &  or noise is disrupting them.,IoT device that monitors sleep environment and provides personalized recommendations to improve sleep quality.,Biohackers &  people with sleep issues.,IoT Hardware &  React Native &  Python & AWS.,Hardware sale + Subscription,"$100,000 - $190,000"
NutriScan,People with dietary restrictions (gluten & lactose & nuts) struggle to quickly identify safe foods while shopping.,App that uses the phone's camera to instantly scan product ingredients and highlight allergens.,People with allergies & parents.,React Native & TensorFlow Lite &  Firebase.,Freemium,"$70,000 - $130,000"
TravelFlex,Tourists hate being locked into rigid & non-refundable hotel and flight bookings &  preventing spontaneous travel.,Platform for booking fully flexible &  last-minute cancellable travel packages at a premium.,Affluent travelers &  business travelers.,React & Node.js &  MongoDB &  Travel APIs.,Commission,"$90,000 - $160,000"
Localify,Tourists want authentic local experiences but often end up in crowded &  tourist-trap restaurants and shops.,App that connects tourists with vetted local guides for personalized & off-the-beaten-path tours.,Experiential travelers & solo travelers.,Flutter & Google Maps API & Stripe.,Marketplace (commission),"$60,000 - $110,000"
TasteBud,People want to cook new recipes but often don't have the exact ingredients & leading to abandoned plans.,AI recipe generator that creates dishes based on the ingredients a user already has in their fridge.,Home cooks & students.,Python (NLP) & React Native & Spoonacular API.,Freemium,"$40,000 - $75,000"
ClutterAI,People want to declutter their homes but don't know where to start or how to categorize items for sale/donation.,AI that analyzes photos of cluttered spaces and creates a step-by-step decluttering plan.,Homeowners & renters.,Python (CV) &  React & Firebase.,Freemium,"$85,000 - $155,000"
GigVault,Freelancers lack a single & secure place to store their work portfolio & testimonials &  and tax documents.,Digital vault for freelancers to showcase work & manage contracts & and track finances.,Freelancers & independent contractors.,Next.js & Node.js &  PostgreSQL & Stripe.,Subscription (SaaS),"$50,000 - $90,000"
RemoteTribe,Remote workers suffer from loneliness and a lack of community and serendipitous "water cooler" interactions.,App that matches remote workers in the same city for co-working and social meetups.,Remote employees & digital nomads.,Flutter &  Node.js &  MongoDB & Mapbox.,Subscription,"$30,000 - $60,000"
VoicePresence,Remote workers are often on mute during large video calls & making it hard to chime in quickly without being disruptive.,Voice AI that detects when you start speaking and temporarily un-mutes you & creating a more natural flow.,Remote teams &  hybrid companies.,Python (Audio processing) &  Electron &  WebRTC.,Per-user subscription,"$120,000 - $220,000"
LearnSphere,Personalized learning paths are the future & but current LMS platforms are rigid and one-size-fits-all.,AI-powered Learning Management System that adapts course material in real-time based on student performance.,Universities &  corporate training departments.,Python & React &  MongoDB & Machine Learning.,B2B SaaS,"$200,000 - $400,000"
GovSimpl,Interacting with government services (visas & permits & licenses) is a complex & paper-based & and frustrating process.,AI chatbot and digital workflow platform that guides citizens through complex government procedures.,Citizens & government agencies.,Python (NLP) &  React & RabbitMQ.,B2G SaaS licensing,"$1,000,000+"
DisasterAware,Current disaster alert systems are broad and cause alert fatigue. People don't get hyper-local & actionable info.,AI that analyzes weather data & social media & and sensor networks to send precise & location-specific disaster warnings.,People in disaster-prone areas.,Python &  React Native & Geospatial APIs &  Twilio.,Freemium (Gov't partnerships),"$150,000 - $280,000"
BabelFish,Real-time translation in video meetings is still clunky & inaccurate & and lacks nuance for business contexts.,AI that provides real-time & low-latency &  culturally-aware translation for video conferencing.,International businesses & remote teams.,Python (NLP) & WebRTC & C++.,Per-seat subscription,"$2,000,000+"
BioPrint,Researchers spend weeks manually pipetting and preparing samples for experiments &  a tedious and error-prone process.,Open-source & affordable robotic arm and software to automate basic lab preparation tasks.,University labs & biotech startups.,Python &  Robotics (ROS) & React.,Hardware sale,"$250,000 - $500,000"
NeuroFit,Cognitive decline is a major concern for the aging population & but brain training apps feel like games & not medicine.,Clinically-validated & AI-personalized cognitive training exercises to slow dementia and improve brain health.,Seniors & people with MCI.,React Native &  Python (ML) & Firebase.,Subscription,"$180,000 - $320,000"
SoundSleep,Urban noise pollution severely disrupts sleep & but white noise machines are generic and not adaptive.,Smart device that listens to ambient noise and generates counter-frequencies in real-time to cancel it out.,City dwellers & light sleepers.,Digital Signal Processing (DSP) &  IoT Hardware & React Native.,Hardware sale,"$200,000 - $380,000"
DataDonor,Medical research is slowed down by a lack of diverse and voluminous health data & but people are wary of privacy.,Platform that allows users to anonymize and donate their health data from wearables to research institutions.,Health-conscious individuals & medical researchers.,Blockchain & React & Python & HIPAA-compliant cloud.,B2B data licensing,"$130,000 - $250,000"
VirtuGym,High-quality gym equipment is expensive and takes up space &  making home fitness inaccessible.,VR fitness platform that uses motion controllers to simulate weight training and resistance with correct form.,Fitness enthusiasts & people with limited space.,Unity3D & VR SDKs & Python.,Subscription,"$300,000 - $550,000"
StyleShift,People want to try new fashion styles but are afraid of making expensive mistakes and looking awkward.,AI that uses your photo to generate images of you wearing different styles of clothing from various brands.,Gen Z & fashion-conscious shoppers.,Python (GANs) & React & Stripe.,Pay-per-outfit suggestion,"$170,000 - $300,000"
Memeo,Social media feeds are algorithmically optimized for outrage and addiction & not for strengthening real-world relationships.,Private social app that uses AI to curate a "highlight reel" of your friends' and family's best moments each week.,Families & close-knit friend groups.,React Native &  Node.js &  Machine Learning.,Subscription,"$80,000 - $150,000"